aed709952e316c7,c_t9_usa_pl_adler_gunslinger_arms
bcf2ed3f72eb396,c_t9_usa_pl_adler_gunslinger_head
1ce6270aace3841,c_t9_usa_pl_adler_gunslinger_lowerbody
f382344c0ae350f,c_t9_usa_pl_adler_gunslinger_torso
c06f1fd2c14663a,c_t9_usa_pl_adler_gunslinger_viewarms
a9938a305c930b4,c_t9_usa_pl_adler_gunslinger_viewlegs
9058affe549aa90,c_t9_usa_pl_adler_miami_arms
26454d2cc86099,c_t9_usa_pl_adler_miami_head
6dd64bfe633a25c,c_t9_usa_pl_adler_miami_lowerbody
c86a0f002ba10de,c_t9_usa_pl_adler_miami_torso
8a84bed6d409a61,c_t9_usa_pl_adler_miami_viewarms
2be10606b5eff3,c_t9_usa_pl_adler_miami_viewlegs
40a1c6f473cd214,c_t9_usa_pl_adler_ranger_arms
8c67633f026d6e5,c_t9_usa_pl_adler_ranger_head
340f5f4579ab6d0,c_t9_usa_pl_adler_ranger_lowerbody
e6535c49135433a,c_t9_usa_pl_adler_ranger_torso
2993cd772ff5f5d,c_t9_usa_pl_adler_ranger_viewarms
74e89ae212fe9ff,c_t9_usa_pl_adler_ranger_viewlegs