c3d06b4696b28bb,c_t9_usa_pl_navyseal_slugger_arms
85814efd297e212,c_t9_usa_pl_navyseal_slugger_head
2b6272f5e10eae5,c_t9_usa_pl_navyseal_slugger_lowerbody
9060fbc1863f6eb,c_t9_usa_pl_navyseal_slugger_torso
b79bcdce7ce5c56,c_t9_usa_pl_navyseal_slugger_viewarms
3d86c48d79427f0,c_t9_usa_pl_navyseal_slugger_viewlegs
5622ea7311506cf,c_t9_usa_pl_navyseal_knucklehead_arms
58e2c5a99c18bbe,c_t9_usa_pl_navyseal_knucklehead_head
b66383c0f1b9129,c_t9_usa_pl_navyseal_knucklehead_lowerbody
a4e9e48ed54af57,c_t9_usa_pl_navyseal_knucklehead_torso
74863668c16c93d92,c_t9_usa_pl_navyseal_knucklehead_viewarms
8adb57d08838c,c_t9_usa_pl_navyseal_knucklehead_viewlegs
8a293385f65309e,c_t9_usa_pl_navyseal_wolf_arms
f2f84fc82a15097,c_t9_usa_pl_navyseal_wolf_head
9c755e769ec7dfa,c_t9_usa_pl_navyseal_wolf_lowerbody
ee8d73faab5bd98,c_t9_usa_pl_navyseal_wolf_torso
d1129c8e171c807,c_t9_usa_pl_navyseal_wolf_viewarms
a9382e11b864c49,c_t9_usa_pl_navyseal_wolf_viewlegs
8ed7b272926a29a,c_t9_usa_pl_navyseal_maverick_arms
d593cebc06b7e4b,c_t9_usa_pl_navyseal_maverick_head
9df919704bd23e6,c_t9_usa_pl_navyseal_maverick_lowerbody
816257431c88b6c,c_t9_usa_pl_navyseal_maverick_torso
aac5c9c4ab759ab,c_t9_usa_pl_navyseal_maverick_viewarms
933fdf5d5f49f9d,c_t9_usa_pl_navyseal_maverick_viewlegs
43feb3df53c2e19,c_t9_usa_pl_navyseal_clown_arms
54990f0d76de3e8,c_t9_usa_pl_navyseal_clown_head
4c35c61a2f7ed2b,c_t9_usa_pl_navyseal_clown_lowerbody
78fe1f83a6acb1d,c_t9_usa_pl_navyseal_clown_torso
ec8ed10e9f54a44,c_t9_usa_pl_navyseal_clown_viewarms
47fefb773b4046e,c_t9_usa_pl_navyseal_clown_viewlegs
6478fdfb648014d,c_t9_usa_pl_navyseal_dissident_arms
564f5930cae3414,c_t9_usa_pl_navyseal_dissident_head
9e4aba59593b4af,c_t9_usa_pl_navyseal_dissident_lowerbody
b0f7e4fec45edd9,c_t9_usa_pl_navyseal_dissident_torso
59719bee4326f20,c_t9_usa_pl_navyseal_dissident_viewarms
61f652f339fab7a,c_t9_usa_pl_navyseal_dissident_viewlegs