2d723ab6d46cd4a,c_t9_ger_pl_west_stealth_arms
d4d2570a2469ebb,c_t9_ger_pl_west_stealth_head
470ba6a2b69a056,c_t9_ger_pl_west_stealth_lowerbody
724f6a21daf1c5c,c_t9_ger_pl_west_stealth_torso
0a32689246c4f9b,c_t9_ger_pl_west_stealth_viewarms
1cce7e34a7dc5ed,c_t9_ger_pl_west_stealth_viewlegs
1e2ff688a535488,c_t9_ger_pl_west_raider_arms
f35b92d5d48e411,c_t9_ger_pl_west_raider_head
92871df387e8a94,c_t9_ger_pl_west_raider_lowerbody
2ca2d876a085fb6,c_t9_ger_pl_west_raider_torso
59f076307427b09,c_t9_ger_pl_west_raider_viewarms
989bf779b2c6fb,c_t9_ger_pl_west_raider_viewlegs
a989bf779b2c6fb,c_t9_ger_pl_west_raider_viewlegs
b1ae25ad48ed840,c_t9_ger_pl_west_bomber_arms
2b79ca296560d49,c_t9_ger_pl_west_bomber_head
fd7ddbfede58ecc,c_t9_ger_pl_west_bomber_lowerbody
7b3b802bf7b3f4e,c_t9_ger_pl_west_bomber_torso
667ebd668ca9991,c_t9_ger_pl_west_bomber_viewarms
c2260ee6823af83,c_t9_ger_pl_west_bomber_viewlegs
a549ae59df933d2,c_t9_ger_pl_west_winter_arms
88e7d32a9c76c63,c_t9_ger_pl_west_winter_head
e7389840330abde,c_t9_ger_pl_west_winter_lowerbody
d733d4d81437604,c_t9_ger_pl_west_winter_torso
2c6471c2267de93,c_t9_ger_pl_west_winter_viewarms
40a07f2bc4bab45,c_t9_ger_pl_west_winter_viewlegs
9057cad2c0f8185,c_t9_ger_pl_west_gsg9_3_arms
4eac2e8f986ae8c,c_t9_ger_pl_west_gsg9_3_head
eac2e8f986ae8c,c_t9_ger_pl_west_gsg9_3_head
96b1f73e822b607,c_t9_ger_pl_west_gsg9_3_lowerbody
b91de5108da29f1,c_t9_ger_pl_west_gsg9_3_torso
3a4d74502d46668,c_t9_ger_pl_west_gsg9_3_viewarms
37ce22c3f4748c2,c_t9_ger_pl_west_gsg9_3_viewlegs