c6b0e163b74fbbf,c_t9_cub_pl_dgi_barrio_arms
1b0bc90893e2ee,c_t9_cub_pl_dgi_barrio_head
91b0bc90893e2ee,c_t9_cub_pl_dgi_barrio_head
749bc20d5eadc59,c_t9_cub_pl_dgi_barrio_lowerbody
2d435fb2b919107,c_t9_cub_pl_dgi_barrio_torso
7f9628be9339942,c_t9_cub_pl_dgi_barrio_viewarms
a5ac9b5eb00b35c,c_t9_cub_pl_dgi_barrio_viewlegs
7e1ef51de75b3d9,c_t9_cub_pl_dgi_hitman_arms
2659509a8a461a8,c_t9_cub_pl_dgi_hitman_head
289a2e06a0d0deb,c_t9_cub_pl_dgi_hitman_lowerbody
80e1823bce4c7dd,c_t9_cub_pl_dgi_hitman_torso
dacd43abedcc004,c_t9_cub_pl_dgi_hitman_viewarms
9e7d6dc609b1c2e,c_t9_cub_pl_dgi_hitman_viewlegs
904cf2353d92e6,c_t9_cub_pl_dgi_sicario_arms
9904cf2353d92e6,c_t9_cub_pl_dgi_sicario_arms
6237f3b1b0cc6ff,c_t9_cub_pl_dgi_sicario_head
be9b134db0bdb82,c_t9_cub_pl_dgi_sicario_lowerbody
275968948b29580,c_t9_cub_pl_dgi_sicario_torso
5424ac9a5f32bdf,c_t9_cub_pl_dgi_sicario_viewarms
cd6a35db622e381,c_t9_cub_pl_dgi_sicario_viewlegs
295068903393a4a,c_t9_cub_pl_dgi_mechanic_arms
d0b084e38390bbb,c_t9_cub_pl_dgi_mechanic_head
5d4bd3a2c4bc756,c_t9_cub_pl_dgi_mechanic_lowerbody
93a7527e89e535c,c_t9_cub_pl_dgi_mechanic_torso
8da43f7abc80c9b,c_t9_cub_pl_dgi_mechanic_viewarms
a040551d1d982ed,c_t9_cub_pl_dgi_mechanic_viewlegs