068d0ac2e5fdc1f,c_t9_usa_pl_bulldozer_01_torso
071857bc7392125,c_t9_uk_pl_mi6_scorch_viewarms
0a32689246c4f9b,c_t9_ger_pl_west_stealth_viewarms
0bdf1a48a41c581,c_t9_rus_pl_kgb_assassin_lowerbody
0ee13395772d6c7,c_t9_uk_pl_mi6_badblood_arms
12011295ba6fc82,attach_t9_charm_boxing_gloves
12466d958da81a4,c_t9_rus_pl_kgb_winter_viewlegs
126bac75b8deb01,c_t9_usa_pl_adler_detective_lowerbody
1349da3a9e414e8,c_t9_usa_pl_woods_eagleclaw_torso
13cd46cec399e0c,c_t9_rus_pl_kgb_2_1_arms
1520be32e92a44f,c_t9_rus_pl_kgb_assassin_torso
15a0a0cbcb7cde,c_t9_cub_pl_dgi_mechanic_arms
15b9a2eaeb63b4a,c_t9_cub_pl_dgi_tagger_viewlegs
15bfd2f461a6e0c,c_t9_watch_mfsw
160c3006cfc3dcb,c_t9_usa_pl_cia_grit_viewlegs
163bc229cbecff4,c_t9_rus_pl_kgb_assassin_viewlegs
16916f4c31edd97,c_t9_watch_tactatimer
170ebaaceee66bc,c_t9_watch_tactatimer
171343cf64b5f8f,c_t9_usa_pl_navyseal_7_1_torso
17b4d4b32107a22,attach_t9_charm_happy_grenade,verified
17ff2c40bbdb6fd,c_t9_uk_pl_mi6_scorch_head
185504fddfa3ab4,c_t9_usa_pl_woods_biker_lowerbody
18832c2ced3c05f,attach_t9_charm_daisy
18e0d21e6830bc5,c_t9_gen_pl_starter3_torso
193353b839a895e,attach_t9_charm_german_plane
198f9eae73d8fa7,c_t9_usa_pl_woods_eagleclaw_head
1a6631c15cc58d8,c_t9_usa_pl_woods_trucker_viewarms
1afa55a49bb5f45,c_t9_rus_pl_kgb_urban_head
1b0bc90893e2ee,c_t9_cub_pl_dgi_barrio_head
1b771941668e190,c_t9_usa_pl_cia_boss_viewlegs
1bb904ee3472b94,c_t9_usa_pl_cia_5_1_torso
1cc53d7a7bd1168,c_t9_usa_pl_navyseal_7_1_head
1cce7e34a7dc5ed,c_t9_ger_pl_west_stealth_viewlegs
1ce6270aace3841,c_t9_usa_pl_adler_gunslinger_lowerbody
1cfd173fbbe7396,c_t9_uk_pl_mi6_badblood_head
1e04944f012a18e,c_t9_rus_pl_kgb_6_1_torso
1e066556b5d2eb1,c_t9_uk_pl_mi6_badblood_torso
1e2ff688a535488,c_t9_ger_pl_west_raider_arms
1f4c2968acd2330,c_t9_uk_pl_mi6_tagger_torso
20186f753bdd5fa,p9_talent_spycraft
20c792c80f1750f,c_t9_uk_pl_mi6_badblood_torso
21786e7d587f341,c_t9_uk_pl_mi6_handler_head
22882e3c60002e1,c_t9_usa_pl_cia_6_1_arms
235f27fc3c9abd6,c_t9_usa_pl_woods_biker_torso
23649eb9fe32075,c_t9_usa_pl_cia_boss_viewlegs
25d9ced516a0e92,c_t9_uk_pl_mi6_scorch_torso
26454d2cc86099,c_t9_usa_pl_adler_miami_head
2659509a8a461a8,c_t9_cub_pl_dgi_hitman_head
26c2672be8c26a8,c_t9_usa_pl_adler_detective_lowerbody
2704e6c9844fe39,c_t9_usa_pl_cia_grit_viewarms
275968948b29580,c_t9_cub_pl_dgi_sicario_torso
276315a27ec9e44,c_t9_usa_pl_cia_grit_arms
284060b2d125f1a,attach_t9_charm_eyeball
289a2e06a0d0deb,c_t9_cub_pl_dgi_hitman_lowerbody
295068903393a4a,c_t9_cub_pl_dgi_mechanic_arms
298ddce66ef3dc8,c_t9_uk_pl_mi6_doubleagent_torso
2993cd772ff5f5d,c_t9_usa_pl_adler_ranger_viewarms
29aa9781b6e51d6,medical_syringe
29fa8573d9a2948,c_t9_uk_pl_mi6_scorch_lowerbody
2b0efcc554efad9,c_t9_usa_pl_woods_fisherman_viewlegs
2b5dd57a9a7bd01,c_t9_usa_pl_cia_grit_head
2b6272f5e10eae5,c_t9_usa_pl_navyseal_slugger_lowerbody
2b79ca296560d49,c_t9_ger_pl_west_bomber_head
2bb581d43c61277,attach_t9_charm_globe
2be10606b5eff3,c_t9_usa_pl_adler_miami_viewlegs
2bf3c0b7136dc71,c_t9_usa_pl_adler_7_3_arms
2c6471c2267de93,c_t9_ger_pl_west_winter_viewarms
2c73c0dfad2126,c_t9_usa_pl_bulldozer_01_head
2ca238e8d244938,c_t9_usa_pl_cia_grit_arms
2ca2d876a085fb6,c_t9_ger_pl_west_raider_torso
2cb754512c6e375,attach_t9_charm_frog,verfied
2d1757cc30a057a,c_t9_rus_pl_kgb_assassin_viewarms
2d435fb2b919107,c_t9_cub_pl_dgi_barrio_torso
2d723ab6d46cd4a,c_t9_ger_pl_west_stealth_arms
2e6e64c0881c14b,p9_talent_deadsilence,verified
304e4efbb0f32a9,c_t9_usa_pl_woods_biker_viewarms
30765a7e837339b,attach_t9_charm_smoke_grenade
30f47b22d204422,c_t9_uk_pl_mi6_heist_viewarms
31b059ca4e16260,c_t9_rus_pl_portnova_5_1_head
31d887511585909,c_t9_cub_pl_dgi_tagger_torso
31fdc370fed3844,c_t9_usa_pl_cia_grit_lowerbody
32732d8dc1ef483,attach_t9_charm_tech_glasses
33aa0ca677c9be7,c_t9_rus_pl_stitch_01_head
33f7e105199f03,c_t9_rus_pl_stitch_prisoner_torso
340f5f4579ab6d0,c_t9_usa_pl_adler_ranger_lowerbody
3597be005e54462,c_t9_usa_pl_adler_detective_head
35aa78338e4c0bd,c_t9_rus_pl_kgb_urban_viewarms
369717931befe91,c_t9_usa_pl_bulldozer_01_lowerbody
3784b90b8d2af74,c_t9_rus_pl_kgb_urban_arms
37ce22c3f4748c2,c_t9_ger_pl_west_gsg9_3_viewlegs
3816b8b916acb53,c_t9_usa_pl_adler_detective_torso
383ee67993a95c6,attach_t9_charm_woods_dogtag
38702687068e3b0,c_t9_rus_pl_kgb_urban_lowerbody
38b70a232418828,c_t9_usa_pl_woods_biker_arms
3967de00618f5e6,c_t9_usa_pl_adler_detective_head
397c1e46ae36600,attach_t9_charm_golden_wrench
399d93b0aaf4a1d,attach_t9_charm_glasses_female1
3a4b74013683a04,c_t9_cub_pl_dgi_tagger_head
3a4d74502d46668,c_t9_ger_pl_west_gsg9_3_viewarms
3b22a8ce293fb54,c_t9_usa_pl_woods_holidaywoods_viewlegs
3be718b919e83a3,c_t9_usa_pl_adler_detective_torso
3c85b8b91a6b2c6,c_t9_usa_pl_adler_detective_torso
3c9ac45680e2223,c_t9_usa_pl_navyseal_dissident_torso
3d00b48f5987b78,c_t9_usa_pl_navyseal_land_head
3d2bf520bb06359,c_t9_uk_pl_mi6_heist_torso
3d31d48f59acfe5,c_t9_usa_pl_navyseal_head
3d773a421c694f8,c_t9_uk_pl_mi6_snapshot_arms
3d86c48d79427f0,c_t9_usa_pl_navyseal_slugger_viewlegs
3dfac6d114d29ac,c_t9_rus_pl_kgb_5_1_arms
3f52348f5b7c07d,c_t9_usa_pl_navyseal_head
40a07f2bc4bab45,c_t9_ger_pl_west_winter_viewlegs
40a1c6f473cd214,c_t9_usa_pl_adler_ranger_arms
40b142b4f38f9d2,wpn_t9_eqp_grenade_frag
40de6149a244102,attach_t9_charm_toy_tank
41b5859da8ae57,c_t9_usa_pl_bulldozer_01_arms
41ceb85b672765a,c_t9_rus_pl_stitch_01_arms
41fc6901c7a61af,attach_t9_charm_black_widow
42c73c0dfad2126,c_t9_usa_pl_bulldozer_01_head
4322a2b952d0319,attach_t9_charm_star
43b2ffb18e23767,c_t9_usa_pl_woods_holidaywoods_arms
43feb3df53c2e19,c_t9_usa_pl_navyseal_clown_arms
440533a53ac660f,c_t9_usa_pl_clow_torso
4480cbd73499374,c_t9_rus_pl_kgb_burglar_viewlegs
44a9017ec9be894,c_t9_usa_pl_navyseal_head
458df2869746a87,c_t9_rus_pl_kgb_burglar_arms
45eb115204a1d7d,c_t9_usa_pl_cia_6_1_torso
45edd1467a7b564,c_t9_usa_pl_song_1_1_arms
46988f3fffb180b,c_t9_uk_pl_mi6_handler_viewlegs
46fa3bdb2b66aa6,c_t9_uk_pl_mi6_handler_torso
470ba6a2b69a056,c_t9_ger_pl_west_stealth_lowerbody
47fefb773b4046e,c_t9_usa_pl_navyseal_clown_viewlegs
4879217eccf9a18,c_t9_usa_pl_navyseal_head
494dd55dad4abcc,c_t9_usa_pl_woods_6_1_head
49658befe648217,attach_t9_charm_anvil,verified
49c5629076d2fb8,attach_t9_charm_candy,verified
4aa56a468d52361,c_t9_usa_pl_bulldozer_torso
4b7c03feb26cc95,c_t9_usa_pl_adler_7_3_torso
4c35c61a2f7ed2b,c_t9_usa_pl_navyseal_clown_lowerbody
4eac2e8f986ae8c,c_t9_ger_pl_west_gsg9_3_head
51cee35bd2dd436,c_t9_usa_pl_woods_holidaywoods_head
5228b80207c479a,attach_t9_charm_sgt_ducky
5327a1a8d7f46e9,c_t9_usa_pl_navyseal_knucklehead_torso
5399472f8953094,attach_t9_charm_zombie_hand
53c529cd1e2fd69,c_t9_usa_pl_cia_covert_arms
542489cd1e75819,c_t9_usa_pl_cia_covert_arms
5424ac9a5f32bdf,c_t9_cub_pl_dgi_sicario_viewarms
547fdce3560470d,c_t9_usa_pl_cia_penumbra_viewlegs
54990f0d76de3e8,c_t9_usa_pl_navyseal_clown_head
551691bb66ca1f1,attach_t9_charm_corn,verified
55c8f026534120e,c_t9_usa_pl_cia_covert_head
5622ea7311506cf,c_t9_usa_pl_navyseal_knucklehead_arms
564f5930cae3414,c_t9_usa_pl_navyseal_dissident_head
570aedc2eed5e3c,c_t9_uk_pl_mi6_heist_viewlegs
5713db29389310b,attach_t9_charm_aether_crystal
57668bf180bf801,c_t9_rus_pl_kgb_burglar_lowerbody
57814602b422579,c_t9_uk_pl_mi6_handler_viewarms
585c13eafa5517,c_t9_rus_pl_stitch_01_viewarms
588682738635ad0,c_t9_usa_pl_adler_detective_lowerbody
58b22605dcb71a0,c_t9_rus_pl_kgb_2_1_lowerbody
58b6a273865940d,c_t9_usa_pl_adler_detective_lowerbody
58e2c5a99c18bbe,c_t9_usa_pl_navyseal_knucklehead_head
59719bee4326f20,c_t9_usa_pl_navyseal_dissident_viewarms
59f076307427b09,c_t9_ger_pl_west_raider_viewarms
5a559ca68e97271,c_t9_usa_pl_navyseal_knucklehead_arms
5ac9b5eb00b35c,c_t9_cub_pl_dgi_barrio_viewlegs
5b5c6179994c8fa,c_t9_rus_pl_kgb_burglar_viewarms
5c6789f3303f328,c_t9_usa_pl_woods_biker_lowerbody
5cf5af65aaaea54,c_t9_rus_pl_stitch_01_torso
5d4bd3a2c4bc756,c_t9_cub_pl_dgi_mechanic_lowerbody
5d85b0708c429ce,c_t9_uk_pl_mi6_heist_head
5e3602738aff8e5,c_t9_usa_pl_adler_detective_lowerbody
5f9f9f62cb60aa6,attach_t9_charm_falcon,verified
612a7b6ec22d8f0,c_t9_uk_pl_mi6_scorch_arms
61f652f339fab7a,c_t9_usa_pl_navyseal_dissident_viewlegs
62012d1c245f741,c_t9_usa_pl_navyseal_land_lowerbody
6237f3b1b0cc6ff,c_t9_cub_pl_dgi_sicario_head
62461d1769d6aae,c_t9_uk_pl_mi6_tagger_arms
62580293abec30e,c_t9_usa_pl_woods_fisherman_arms
6368619e455ccdd,c_t9_rus_pl_stitch_prisoner_lowerbody
6478fdfb648014d,c_t9_usa_pl_navyseal_dissident_arms
653242b0a0bb48f,c_t9_usa_pl_adler_detective_torso
655a5a0aa9770f5,attach_t9_charm_skull
65d0e2b0a13e3b2,c_t9_usa_pl_adler_detective_torso
65f7406630d045f,attach_t9_charm_arrow_in_apple
667ebd668ca9991,c_t9_ger_pl_west_bomber_viewarms
6890055b869057a,attach_t9_charm_ornament_ball
68d0ac2e5fdc1f,c_t9_usa_pl_bulldozer_01_torso,verified
699a6d260022ccc,attach_t9_charm_elephant
69e2e2b0a4bb107,c_t9_usa_pl_adler_detective_torso
69fb16961af329,attach_t9_charm_flare,verified
6a1490d4b367782,attach_t9_charm_helicopter,verified
6ac952b881123b9,c_t9_rus_pl_stitch_01_viewlegs
6bc8a2553fc2e27,c_t9_usa_pl_cia_covert_head
6c5e2eca6dd6264,c_t9_fra_pl_dgse_gign_head
6c83bd666f1c718,attach_t9_charm_unknown3
6cb4ca9f0d8685b,c_t9_rus_pl_kgb_assassin_lowerbody
6cbdc6fedc28559,c_t9_rus_pl_kgb_2_1_head
6db5f08f6430321,c_t9_usa_pl_cia_covert_arms
6dd64bfe633a25c,c_t9_usa_pl_adler_miami_lowerbody
6e0ba78509bdd90,c_t9_usa_pl_navyseal_maverick_torso
7024031260060a,c_t9_uk_pl_mi6_snapshot_torso
717d0a2ec0e2a64,c_t9_usa_pl_bulldozer_01_viewlegs
71857bc7392125,c_t9_uk_pl_mi6_scorch_viewarms
719f46d3ab80775,c_t9_usa_pl_cia_tagger_arms
71ac27519b59ae1,p9_talent_fwd_intel
71ee1359f8737dc,c_t9_ger_pl_west_bomber_arms
724f6a21daf1c5c,c_t9_ger_pl_west_stealth_torso
728f3eec8996b1a,c_t9_rus_pl_kgb_urban_torso
72aacf2b6818b6a,c_t9_rus_pl_kgb_2_2_torso
72ac2427b23a340,c_t9_usa_pl_adler_7_1_head
7359b76aeef3a3e,c_t9_rus_pl_stitch_prisoner_viewarms
73afe87a1fccb23,c_t9_rus_pl_kgb_5_1_lowerbody
73c74daea79e673,attach_t9_charm_ritual_skull
73ce3721181e6e0,c_t9_usa_pl_woods_6_1_lowerbody
748adb57d08838c,c_t9_usa_pl_navyseal_knucklehead_viewlegs
749bc20d5eadc59,c_t9_cub_pl_dgi_barrio_lowerbody
74ac89dc4163bef,c_t9_usa_pl_hunter_torso
74e89ae212fe9ff,c_t9_usa_pl_adler_ranger_viewlegs
75a6d8276d02cc0,c_t9_usa_pl_navyseal_air_torso
76a801dd8bc1128,attach_t9_charm_c_rook,verified
78fe1f83a6acb1d,c_t9_usa_pl_navyseal_clown_torso
7998553e05ea431,c_t9_usa_pl_woods_6_1_torso
79cda35ebac79e6,attach_t9_charm_tombstone,verified
7a33d0df0a9c7a5,c_t9_usa_pl_cia_boss_arms
7b2b54fa84d5b6d,c_t9_usa_pl_cia_covert_arms
7b3b802bf7b3f4e,c_t9_ger_pl_west_bomber_torso
7c8f3346c9261c8,c_t9_usa_pl_woods_fisherman_torso
7cac3be3cbab766,c_t9_usa_pl_cia_grit_torso
7cdd563366be179,c_t9_usa_pl_woods_eagleclaw_viewlegs
7ce615fad167459,c_t9_usa_pl_woods_holidaywoods_arms
7e1ef51de75b3d9,c_t9_cub_pl_dgi_hitman_arms
7f2e9c6e8497c11,attach_t9_charm_gas_can,verified
7f9628be9339942,c_t9_cub_pl_dgi_barrio_viewarms
7fdaf4fa88d3cb5,c_t9_usa_pl_cia_covert_arms
7ff79842d81319b,c_t9_usa_pl_woods_biker_viewlegs
80e1823bce4c7dd,c_t9_cub_pl_dgi_hitman_torso
80ff459e7154b5f,c_t9_rus_pl_kgb_urban_viewlegs
816257431c88b6c,c_t9_usa_pl_navyseal_maverick_torso
81de576885bc82b,c_t9_usa_pl_adler_7_3_arms
826d31eee5c7a94,attach_t9_charm_nova6
82fdf6cdab1e6bd,attach_t9_charm_afro_pick,verified
8316ae6752f12aa,c_t9_usa_pl_woods_fisherman_lowerbody
8422d5c3ae7f4e0,c_t9_ger_pl_beck_6_1_torso
84bcbee442b5a03,attach_t9_charm_fish
84d9b4fd202bfab,c_t9_uk_pl_mi6_tagger_head
85814efd297e212,c_t9_usa_pl_navyseal_slugger_head
85dcb0787def914,c_t9_usa_pl_woods_eagleclaw_torso
861717838ac4663,attach_t9_charm_plumber_wrench
863668c16c93d92,c_t9_usa_pl_navyseal_knucklehead_viewarms
8692b77be8734d6,c_t9_uk_pl_mi6_scorch_torso
86b1e2e1739ad79,c_t9_uk_pl_mi6_badblood_arms
87279fdfb0e8a3d,attach_t9_charm_duffel,verified
885e3e70bc259da,c_t9_usa_pl_woods_holidaywoods_viewarms
8889034504afb39,attach_t9_charm_spray_can
88bfaf8d3e61f07,c_t9_rus_pl_kgb_assassin_arms
88e7d32a9c76c63,c_t9_ger_pl_west_winter_head
8a09d6310a33056,c_t9_rus_pl_kgb_burglar_head
8a13fdfb82e9f63,attach_t9_charm_unknown
8a293385f65309e,c_t9_usa_pl_navyseal_wolf_arms
8a678bccf8762,c_t9_uk_pl_mi6_doubleagent_arms
8a84bed6d409a61,c_t9_usa_pl_adler_miami_viewarms
8ac914f98152adf,c_t9_usa_pl_cia_covert_arms
8c67633f026d6e5,c_t9_usa_pl_adler_ranger_head
8c8fc557d9a6c67,c_t9_uk_pl_mi6_heist_torso
8cecb26ed9eb671,attach_t9_charm_panda_and_ballon
8cf9e91f892e1f5,c_t9_uk_pl_mi6_doubleagent_viewlegs
8d5bf8a187fba03,c_t9_usa_pl_woods_trucker_torso
8da43f7abc80c9b,c_t9_cub_pl_dgi_mechanic_viewarms
8e4d88595cecac9,attach_t9_charm_c_queen,verified
8ed7b272926a29a,c_t9_usa_pl_navyseal_maverick_arms
8ee902c30f51b9d,c_t9_usa_pl_navyseal_7_1_torso
904cf2353d92e6,c_t9_cub_pl_dgi_sicario_arms
9057cad2c0f8185,c_t9_ger_pl_west_gsg9_3_arms
9058affe549aa90,c_t9_usa_pl_adler_miami_arms
9060fbc1863f6eb,c_t9_usa_pl_navyseal_slugger_torso
90e753268b36129,attach_t9_charm_iron
914a2ba99cd4c3f,c_t9_ger_pl_beck_6_1_torso
916fe44d1562f3f,c_t9_usa_pl_navyseal_sea_torso
91b0bc90893e2ee,c_t9_cub_pl_dgi_barrio_head
9246bf7b68af024,c_t9_usa_pl_navyseal_land_arms
92871df387e8a94,c_t9_ger_pl_west_raider_lowerbody
92f177108d845c8,c_t9_ger_pl_west_raider_lowerbody
933fdf5d5f49f9d,c_t9_usa_pl_navyseal_maverick_viewlegs
935a995f6cab294,c_t9_uk_pl_mi6_doubleagent_torso
93a7527e89e535c,c_t9_cub_pl_dgi_mechanic_torso
941c82629e346ae,c_t9_usa_pl_woods_eagleclaw_arms
94cb449ab82229b,attach_t9_charm_arrow_head,verified
958c22826a315f6,c_t9_usa_pl_cia_boss_viewarms
958d2da4c96ce27,c_t9_uk_pl_mi6_scorch_viewlegs
9677cff3f8309e0,c_t9_cub_pl_dgi_mechanic_torso
96b1f73e822b607,c_t9_ger_pl_west_gsg9_3_lowerbody
9705c56e82170d8,wpn_t9_eqp_c4_bomb_bricks
97779126512233d,c_t9_rus_pl_stitch_prisoner_torso
98385690de10383,attach_t9_charm_gold_bar,verified
989bf779b2c6fb,c_t9_ger_pl_west_raider_viewlegs
9904cf2353d92e6,c_t9_cub_pl_dgi_sicario_arms
992f0a19befcac6,c_t9_uk_pl_mi6_tagger_lowerbody
9935705bdae408c,wpn_t9_eqp_grenade_decoy
99f5251d9bd0062,c_t9_usa_pl_cia_covert_viewarms
9a52a5e74ce4fd8,c_t9_rus_pl_stitch_prisoner_viewlegs
9a8a38d39f742a4,c_t9_uk_pl_mi6_snapshot_arms
9b7b976ddaca9a,attach_t9_charm_hanging_dice
9bb107392a460a7,c_t9_usa_pl_cia_covert_torso
9c755e769ec7dfa,c_t9_usa_pl_navyseal_wolf_lowerbody
9d6168e7121fd5e,attach_t9_charm_knight
9d98a29661205aa,c_t9_fra_pl_dgse_gign_viewlegs
9df919704bd23e6,c_t9_usa_pl_navyseal_maverick_lowerbody
9e0f43f1a65183f,c_t9_fra_pl_dgse_gign_lowerbody
9e4aba59593b4af,c_t9_usa_pl_navyseal_dissident_lowerbody
9e504771c3399e,c_t9_uk_pl_mi6_snapshot_torso
9e7d6dc609b1c2e,c_t9_cub_pl_dgi_hitman_viewlegs
9f5c2d81f145813,c_t9_rus_pl_stitch_prisoner_arms
a01bee9e73c5940,p9_talent_gungho
a040551d1d982ed,c_t9_cub_pl_dgi_mechanic_viewlegs
a062c2d56919bd7,attach_t9_charm_wooden_target
a0eb6682e4f0f2f,c_t9_usa_pl_woods_holidaywoods_torso
a0f1967e789c105,c_t9_usa_pl_cia_boss_lowerbody
a15f3c5b2c04828,c_t9_rus_pl_stitch_01_torso
a467f2a741543b2,c_t9_usa_pl_cia_boss_head
a4abd39eb4b965d,c_t9_fra_pl_dgse_gign_arms
a4e9e48ed54af57,c_t9_us_pl_navyseal_knucklehead_torso
a4e9e48ed54af57,c_t9_usa_pl_navyseal_knucklehead_torso
a53fcdf740f83ac,c_t9_usa_pl_adler_6_1_torso
a549ae59df933d2,c_t9_ger_pl_west_winter_arms
a56af9727f33136,c_t9_rus_pl_kgb_5_1_viewlegs
a56c80998dfcb75,attach_t9_charm_toy_top
a583572ee0e9eca,c_t9_usa_pl_woods_eagleclaw_lowerbody
a592a6bed35c2b1,c_t9_usa_pl_woods_biker_head
a5ac9b5eb00b35c,c_t9_cub_pl_dgi_barrio_viewlegs
a65d98652bd85fa,c_t9_uk_pl_mi6_tagger_arms
a6b895361b79382,attach_t9_charm_brass_knuckles
a6e2a8407323547,attach_t9_charm_zamboni,verified
a723bf47b1df484,c_t9_uk_pl_mi6_handler_lowerbody
a75733fb5f4530b,c_t9_rus_pl_kgb_5_1_arms
a9382e11b864c49,c_t9_usa_pl_navyseal_wolf_viewlegs
a989bf779b2c6fb,c_t9_ger_pl_west_raider_viewlegs
a9938a305c930b4,c_t9_usa_pl_adler_gunslinger_viewlegs
a99e2c50b57edaf,c_t9_usa_pl_cia_6_1_torso
a9c208a0d236a44,attach_t9_charm_bullet
aa281a27e1cbab4,c_t9_usa_pl_woods_fisherman_torso
aac5c9c4ab759ab,c_t9_usa_pl_navyseal_maverick_arms
aac5c9c4ab759ab,c_t9_usa_pl_navyseal_maverick_viewarms
aaf5d5dff407d31,wpn_t9_eqp_c4_bomb_bricks
abd8781f3ce202f,c_t9_uk_pl_mi6_snapshot_viewlegs
acd43abedcc004,c_t9_cub_pl_dgi_hitman_viewarms
ad3163ddb524057,attach_t9_charm_penetrator
ae36f05aa2252ee,c_t9_rus_pl_stitch_01_arms
aed709952e316c7,c_t9_usa_pl_adler_gunslinger_arms
af543bf284a29c1,c_t9_fra_pl_dgse_gign_lowerbody
b07ae917dae338d,c_t9_usa_pl_cia_tagger_head
b07fdbbfa3ce963,c_t9_uk_pl_mi6_doubleagent_viewarms
b0f7e4fec45edd9,c_t9_usa_pl_navyseal_dissident_torso
b1ae25ad48ed840,c_t9_ger_pl_west_bomber_arms
b36c90fb9767fbd,p9_talent_gearhead
b3a1f58370b1a27,c_t9_ger_pl_west_gsg9_3_arms
b400ae95795a666,c_t9_rus_pl_kgb_winter_head
b4130ea71cb6868,c_t9_usa_pl_cia_5_1_torso
b4bdf185071f2c8,wpn_t9_eqp_listening_device
b5b9a49f334d5a1,attach_t9_charm_compass,verified
b5bbbaba49da1b,c_t9_usa_pl_adler_gunslinger_lowerbody
b5db1f2e2fae007,c_t9_usa_pl_woods_fisherman_head
b6344c60b63c699,c_usa_pl_cia_covert_torso
b66383c0f1b9129,c_t9_usa_pl_navyseal_knucklehead_lowerbody
b676aad050b5d0b,c_t9_usa_pl_navyseal_head
b7164ad0513a75e,c_t9_usa_pl_navyseal_sea_head
b729ea00ca9030b,c_t9_uk_pl_mi6_tagger_viewarms
b79bcdce7ce5c56,c_t9_usa_pl_navyseal_slugger_viewarms
b8196a115a43717,p9_talent_engineer
b841edcefdcd804,c_t9_ger_pl_beck_6_1_viewlegs
b91de5108da29f1,c_t9_ger_pl_west_gsg9_3_torso
b94605e5362012f,attach_t9_charm_red_button,verified
b9772270a077cc8,c_t9_usa_pl_sims_6_1_head
b9f97f19e7b5df4,attach_t9_charm_rabbit_foot,verified
ba6cd23a1032a78,c_t9_uk_pl_mi6_handler_arms
bba1274d893d635,c_t9_rus_pl_kgb_5_1_torso
bc1fd51480b9a75,c_t9_uk_pl_mi6_snapshot_head
bc4b6f1d0da5113,c_t9_usa_pl_woods_trucker_arms
bc524d5ce1194d6,attach_t9_charm_boat
bc7f0ee45629724,c_t9_usa_pl_cia_6_1_arms
bcf2ed3f72eb396,c_t9_usa_pl_adler_gunslinger_head
bd6f08b135d026a,c_t9_rus_pl_stitch_prisoner_head
bdabe616fd6c122,c_t9_uk_pl_mi6_handler_torso
bdf1a48a41c581,c_t9_rus_pl_kgb_assassin_lowerbody
be9b134db0bdb82,c_t9_cub_pl_dgi_sicario_lowerbody
c04fadb46d76bd1,c_t9_rus_pl_kgb_winter_lowerbody
c06f1fd2c14663a,c_t9_usa_pl_adler_gunslinger_viewarms
c115aabe356a1ed,c_t9_uk_pl_mi6_snapshot_viewarms
c196082a73ba1af,attach_t9_charm_jingle_bell
c1acb367fc720b9,p9_talent_threatperception,verified
c2260ee6823af83,c_t9_ger_pl_west_bomber_viewlegs
c265aaaa53652b3,c_t9_rus_pl_kgb_2_1_viewlegs
c301065130c2f25,t9_watch_eliminator
c33f7d7e0f0b095,c_t9_usa_pl_cia_8_1_viewlegs
c3d06b4696b28bb,c_t9_usa_pl_navyseal_slugger_arms
c4165c014556974,attach_t9_charm_snowman,verfied
c44bc622fbef27a,c_t9_ger_pl_west_bomber_torso
c475d4f50c36e9f,c_t9_uk_pl_mi6_heist_arms
c50cf4f9d30ab16,c_t9_ger_pl_west_winter_arms
c5289ed06df6eb1,c_t9_usa_pl_adler_gunslinger_torso
c63950ca86f08f3,c_t9_cub_pl_dgi_tagger_torso
c671ad9b6bed711,c_t9_usa_pl_woods_holidaywoods_torso
c6b0e163b74fbbf,c_t9_cub_pl_dgi_barrio_arms
c80587650362a0c,c_t9_uk_pl_mi6_scorch_arms
c8519c3b7f8c4a4,attach_t9_charm_duck
c86a0f002ba10de,c_t9_usa_pl_adler_miami_torso
c890032e16caaca,c_t9_rus_pl_kgb_winter_viewarms
c93297e15cb5b4c,c_t9_uk_pl_mi6_tagger_torso
c93ca512dd5d63c,wpn_t9_sledgehammer_v2
c93d3560bc2027e,attach_t9_charm_sgt_frosty
c9a9af3faba3eb9,c_t9_rus_pl_kgb_assassin_arms
ca3e9d34b47b4f,attach_t9_charm_wooden_dog
caabccf044ea69f,c_t9_usa_pl_navyseal_9_1_arms
cb58e89f14123cf,c_t9_rus_pl_stitch_prisoner_lowerbody
cb7b9542183ed9e,c_t9_rus_pl_kgb_2_1_torso
cc10764e3e9c38a,attach_t9_charm_cassette_tape
cc548be4f5ceecf,c_t9_rus_pl_kgb_burglar_torso
cc82a52abb243b0,c_t9_usa_pl_adler_7_3_torso
ccad414cd8451c8,attach_t9_charm_toy_robot
ccbbdede67832ee,c_t9_usa_pl_adler_ranger_torso
cd3b9337b14e4d6,c_t9_rus_pl_kgb_assassin_head
cd63d45190c935d,wpn_t9_sledgehammer
cd6a35db622e381,c_t9_cub_pl_dgi_sicario_viewlegs
cd9b4a64ec1ed2f,c_t9_cub_pl_dgi_tagger_arms
cdf45bbc7c21962,c_t9_usa_pl_cia_v4_torso
ce58169cfffb4b9,c_t9_cub_pl_dgi_barrio_torso
ce62a73d8a6aa9b,attach_t9_charm_croc_head,verified
ceebc38c856c30e,c_t9_usa_pl_cia_penumbra_torso
cef5b5fa29985eb,c_t9_usa_pl_woods_6_1_torso
d05bca0d3030567,c_t9_usa_pl_navyseal_land_torso
d095eb3a44f89e9,c_t9_fra_pl_dgse_gign_torso
d0b084e38390bbb,c_t9_cub_pl_dgi_mechanic_head
d1129c8e171c807,c_t9_usa_pl_navyseal_wolf_viewarms
d1757cc30a057a,c_t9_rus_pl_kgb_assassin_viewarms
d258336a5c88462,attach_t9_charm_mil_helmet
d2704648e27adf2,c_t9_usa_pl_woods_biker_torso
d3f6615c4b81b60,attach_t9_charm_rus_space_logo
d41b5859da8ae57,c_t9_usa_pl_bulldozer_01_arms
d42eae4ce44a0c6,c_t9_ger_pl_beck_6_1_head
d4d2570a2469ebb,c_t9_ger_pl_west_stealth_head
d593cebc06b7e4b,c_t9_usa_pl_navyseal_maverick_head
d6d948447e3ab20,c_t9_uk_pl_mi6_snapshot_lowerbody
d6d987a499e141a,c_t9_usa_pl_woods_5_2_arms
d733d4d81437604,c_t9_ger_pl_west_winter_torso
d7a1e8e44513918,c_t9_ger_pl_west_winter_torso
d939c3c77308e51,c_t9_usa_pl_navyseal_sea_torso
d96549dbca7b96f,attach_t9_charm_rose_dagger
d9c1ebd61a258b0,c_t9_fra_pl_dgse_gign_viewarms
da5e4a4c522fb6a,c_t9_usa_pl_woods_trucker_head
dacd43abedcc004,c_t9_cub_pl_dgi_hitman_viewarms
db00805d79ccc7c,attach_t9_charm_unknown2
db94d9e93e29b64,c_t9_usa_pl_navyseal_wolf_torso
dbd774decc010a,c_t9_rus_pl_stitch_01_lowerbody
dc3b6b4bb1d0837,c_t9_usa_pl_woods_fisherman_viewarms
dc601fd212c86b7,c_t9_rus_pl_kgb_5_1_torso
dd04cb2fd8fde97,c_t9_rus_pl_kgb_winter_arms
de1bff83dfbac98,attach_t9_charm_icicles
de1c42b2f63c0d7,c_t9_usa_pl_adler_7_3_torso
de203140077221c,c_t9_rus_pl_kgb_2_1_lowerbody
de5f2a4af7f34af,c_t9_usa_pl_adler_6_1_head
e0e01a3ba5d9129,c_t9_rus_pl_kgb_winter_arms
e2b70ef0ae88a5b,c_t9_usa_pl_cia_boss_arms
e3ffe7d0017fd,c_t9_uk_pl_mi6_tagger_viewlegs
e4a80d37f073ecd,attach_t9_charm_ice_axe,verified
e5080ec4ee50e80,attach_t9_charm_skull_circuit,verified
e52f05273ff17dd,c_t9_usa_pl_woods_trucker_lowerbody
e5343853ea49735,c_t9_usa_pl_hunter_lowerbody
e5493ccfb20db2d,c_t9_usa_pl_woods_2_1_arms
e5d2c75b567cd4,c_t9_usa_pl_adler_detective_lowerbody
e6372fe52fba161,c_t9_usa_pl_woods_holidaywoods_lowerbody
e6535c49135433a,c_t9_usa_pl_adler_ranger_torso
e7389840330abde,c_t9_ger_pl_west_winter_lowerbody
e7edacde5e4111b,attach_t9_charm_camera
e85f15c80706d0b,c_t9_usa_pl_cia_boss_torso
e85f15c80706d0b,c_t9_usa_pl_cia_boss_viewlegs
e8a14e1ec34f0b4,c_t9_uk_pl_mi6_badblood_viewlegs
e8b4c75b587fb1,c_t9_usa_pl_adler_detective_lowerbody
e941edef8549241,attach_t9_charm_rudolph
e9b3ef3ad9522f1,c_t9_rus_pl_kgb_assassin_torso
ea43bd979bc68b,attach_t9_charm_pitchfork,verified
ea6c28ccf2488aa,c_t9_usa_pl_adler_miami_torso
eac2e8f986ae8c,c_t9_ger_pl_west_gsg9_3_head
eb13b83cf350a91,c_t9_m1_helmet
eb96ea70cfb35e,attach_t9_charm_scorpion,verified
ec3defb3ffa47f9,c_t9_usa_pl_cia_covert_lowerbody
ec7b96facf6697e,c_t9_orange_lowerbody
ec8ed10e9f54a44,c_t9_usa_pl_navyseal_clown_viewarms
ed6bfaf4e27d98f,c_t9_usa_pl_cia_torso
edc6e4627ed6c9d,c_t9_rus_pl_kgb_5_1_lowerbody
ee13395772d6c7,c_t9_uk_pl_mi6_badblood_arms
ee8d73faab5bd98,c_t9_usa_pl_navyseal_wolf_torso
ef877dc2328053b,c_t9_usa_pl_powers_1_1_torso
f0540ef15611e3c,attach_t9_charm_watch
f0a844a539105a1,c_t9_rus_pl_kgb_winter_torso
f18736c3f2e9556,attach_t9_charm_cheese
f1d000e097bbc4c,attach_t9_charm_lightning_bolt
f2656a119440acf,attach_t9_charm_boogie_board
f2f84fc82a15097,c_t9_usa_pl_navyseal_wolf_head
f35b92d5d48e411,c_t9_ger_pl_west_raider_head
f36d4344fed433e,c_t9_usa_pl_woods_trucker_viewarms
f376a6fee796e5f,c_t9_rus_pl_kgb_winter_torso
f382344c0ae350f,c_t9_usa_pl_adler_gunslinger_torso
f39bfaf4e7c56ea,c_t9_usa_pl_cia_2_1_torso
f482b5965ddd423,c_t9_cub_pl_dgi_hitman_arms
f51454b3198243d,c_t9_pl_usa_woods_2_1_torso
f5e6a015f83da8a,c_t9_usa_pl_bulldozer_01_viewarms
f61b7aa291c9be9,c_t9_rus_pl_kgb_1_1_arms
f66b664641d1709,attach_t9_charm_funny_teeth
f66b97bde6d437c,c_t9_usa_pl_cia_covert_viewlegs
f6ea20e70445963,attach_t9_charm_silverspoon,verified
f79741068caf989,attach_t9_charm_lunchbox
f7a9c4b9956c5d7,c_t9_usa_pl_woods_eagleclaw_viewarms
f7c6a4d5ea7e512,c_t9_ger_pl_west_raider_torso
f8bf02657e174e4,c_t9_usa_pl_navyseal_air_torso
f8fd0c2239ae115,attach_t9_charm_old_tv
f9758e85112721c,c_t9_cub_pl_dgi_5_3_torso
faa0645324279e8,attach_t9_charm_italy_dog
fad03a2189f06ae,c_t9_uk_pl_mi6_doubleagent_lowerbody
faf48c042e78533,c_t9_uk_pl_mi6_doubleagent_head
fb3e2e244552fef,attach_t9_charm_ammo_box,verified
fc5b480b9321e46,c_t9_usa_pl_cia_v4_torso
fd4a15233e57841,c_t9_uk_pl_mi6_badblood_lowerbody
fd7ddbfede58ecc,c_t9_ger_pl_west_bomber_lowerbody
fda72b9a923db95,c_t9_cub_pl_dgi_hitman_lowerbody
fdfd9f1cf583d35,c_t9_usa_pl_navyseal_land_torso
fe2bf92c12de502,c_t9_uk_pl_mi6_tagger_lowerbody
ff215d15b70db66,veh_t9_mil_boat_tactical_raft
ff7ce3c1280263a,c_t9_uk_pl_mi6_badblood_viewarms
ff9ca0a2a4c2d84,c_t9_usa_pl_cia_boss_arms
