c80587650362a0c,c_t9_uk_pl_mi6_scorch_arms
17ff2c40bbdb6fd,c_t9_uk_pl_mi6_scorch_head
29fa8573d9a2948,c_t9_uk_pl_mi6_scorch_lowerbody
25d9ced516a0e92,c_t9_uk_pl_mi6_scorch_torso
071857bc7392125,c_t9_uk_pl_mi6_scorch_viewarms
71857bc7392125,c_t9_uk_pl_mi6_scorch_viewarms
958d2da4c96ce27,c_t9_uk_pl_mi6_scorch_viewlegs
0ee13395772d6c7,c_t9_uk_pl_mi6_badblood_arms
ee13395772d6c7,c_t9_uk_pl_mi6_badblood_arms
1cfd173fbbe7396,c_t9_uk_pl_mi6_badblood_head
fd4a15233e57841,c_t9_uk_pl_mi6_badblood_lowerbody
20c792c80f1750f,c_t9_uk_pl_mi6_badblood_torso
ff7ce3c1280263a,c_t9_uk_pl_mi6_badblood_viewarms
e8a14e1ec34f0b4,c_t9_uk_pl_mi6_badblood_viewlegs
8a678bccf8762,c_t9_uk_pl_mi6_doubleagent_arms
faf48c042e78533,c_t9_uk_pl_mi6_doubleagent_head
fad03a2189f06ae,c_t9_uk_pl_mi6_doubleagent_lowerbody
935a995f6cab294,c_t9_uk_pl_mi6_doubleagent_torso
b07fdbbfa3ce963,c_t9_uk_pl_mi6_doubleagent_viewarms
8cf9e91f892e1f5,c_t9_uk_pl_mi6_doubleagent_viewlegs
ba6cd23a1032a78,c_t9_uk_pl_mi6_handler_arms
21786e7d587f341,c_t9_uk_pl_mi6_handler_head
a723bf47b1df484,c_t9_uk_pl_mi6_handler_lowerbody
46fa3bdb2b66aa6,c_t9_uk_pl_mi6_handler_torso
57814602b422579,c_t9_uk_pl_mi6_handler_viewarms
46988f3fffb180b,c_t9_uk_pl_mi6_handler_viewlegs
9a8a38d39f742a4,c_t9_uk_pl_mi6_snapshot_arms
bc1fd51480b9a75,c_t9_uk_pl_mi6_snapshot_head
d6d948447e3ab20,c_t9_uk_pl_mi6_snapshot_lowerbody
7024031260060a,c_t9_uk_pl_mi6_snapshot_torso
c115aabe356a1ed,c_t9_uk_pl_mi6_snapshot_viewarms
abd8781f3ce202f,c_t9_uk_pl_mi6_snapshot_viewlegs
62461d1769d6aae,c_t9_uk_pl_mi6_tagger_arms
84d9b4fd202bfab,c_t9_uk_pl_mi6_tagger_head
992f0a19befcac6,c_t9_uk_pl_mi6_tagger_lowerbody
b729ea00ca9030b,c_t9_uk_pl_mi6_tagger_viewarms
3ffe7d0017fd,c_t9_uk_pl_mi6_tagger_viewlegs
c93297e15cb5b4c,c_t9_uk_pl_mi6_tagger_torso
c475d4f50c36e9f,c_t9_uk_pl_mi6_heist_arms
5d85b0708c429ce,c_t9_uk_pl_mi6_heist_head
79f4b5e3cc40bb9,c_t9_uk_pl_mi6_heist_lowerbody
8c8fc557d9a6c67,c_t9_uk_pl_mi6_heist_torso
30f47b22d204422,c_t9_uk_pl_mi6_heist_viewarms
570aedc2eed5e3c,c_t9_uk_pl_mi6_heist_viewlegs
bc4b6f1d0da5113,c_t9_usa_pl_woods_trucker_arms
da5e4a4c522fb6a,c_t9_usa_pl_woods_trucker_head
e52f05273ff17dd,c_t9_usa_pl_woods_trucker_lowerbody
f36d4344fed433e,c_t9_usa_pl_woods_trucker_viewarms
1a6631c15cc58d8,c_t9_usa_pl_woods_trucker_viewlegs
8d5bf8a187fba03,c_t9_usa_pl_woods_trucker_torso