88bfaf8d3e61f07,c_t9_rus_pl_kgb_assassin_arms
cd3b9337b14e4d6,c_t9_rus_pl_kgb_assassin_head
0bdf1a48a41c581,c_t9_rus_pl_kgb_assassin_lowerbody
1520be32e92a44f,c_t9_rus_pl_kgb_assassin_torso
2d1757cc30a057a,c_t9_rus_pl_kgb_assassin_viewarms
163bc229cbecff4,c_t9_rus_pl_kgb_assassin_viewlegs
dd04cb2fd8fde97,c_t9_rus_pl_kgb_winter_arms
b400ae95795a666,c_t9_rus_pl_kgb_winter_head
c04fadb46d76bd1,c_t9_rus_pl_kgb_winter_lowerbody
f376a6fee796e5f,c_t9_rus_pl_kgb_winter_torso
c890032e16caaca,c_t9_rus_pl_kgb_winter_viewarms
12466d958da81a4,c_t9_rus_pl_kgb_winter_viewlegs
3784b90b8d2af74,c_t9_rus_pl_kgb_urban_arms
1afa55a49bb5f45,c_t9_rus_pl_kgb_urban_head
38702687068e3b0,c_t9_rus_pl_kgb_urban_lowerbody
728f3eec8996b1a,c_t9_rus_pl_kgb_urban_torso
35aa78338e4c0bd,c_t9_rus_pl_kgb_urban_viewarms
80ff459e7154b5f,c_t9_rus_pl_kgb_urban_viewlegs
458df2869746a87,c_t9_rus_pl_kgb_burglar_arms
8a09d6310a33056,c_t9_rus_pl_kgb_burglar_head
57668bf180bf801,c_t9_rus_pl_kgb_burglar_lowerbody
cc548be4f5ceecf,c_t9_rus_pl_kgb_burglar_torso
5b5c6179994c8fa,c_t9_rus_pl_kgb_burglar_viewarms
4480cbd73499374,c_t9_rus_pl_kgb_burglar_viewlegs