2ca238e8d244938,c_t9_usa_pl_cia_grit_arms
2b5dd57a9a7bd01,c_t9_usa_pl_cia_grit_head
31fdc370fed3844,c_t9_usa_pl_cia_grit_lowerbody
7cac3be3cbab766,c_t9_usa_pl_cia_grit_torso
2704e6c9844fe39,c_t9_usa_pl_cia_grit_viewarms
160c3006cfc3dcb,c_t9_usa_pl_cia_grit_viewlegs
8ac914f98152adf,c_t9_usa_pl_cia_covert_arms
55c8f026534120e,c_t9_usa_pl_cia_covert_head
ec3defb3ffa47f9,c_t9_usa_pl_cia_covert_lowerbody
9bb107392a460a7,c_t9_usa_pl_cia_covert_torso
99f5251d9bd0062,c_t9_usa_pl_cia_covert_viewarms
f66b97bde6d437c,c_t9_usa_pl_cia_covert_viewlegs
e2b70ef0ae88a5b,c_t9_usa_pl_cia_boss_arms
a467f2a741543b2,c_t9_usa_pl_cia_boss_head
a0f1967e789c105,c_t9_usa_pl_cia_boss_lowerbody
e85f15c80706d0b,c_t9_usa_pl_cia_boss_torso
958c22826a315f6,c_t9_usa_pl_cia_boss_viewarms
1b771941668e190,c_t9_usa_pl_cia_boss_viewlegs