ae36f05aa2252ee,c_t9_rus_pl_stitch_01_arms
33aa0ca677c9be7,c_t9_rus_pl_stitch_01_head
0dbd774decc010a,c_t9_rus_pl_stitch_01_lowerbody
a15f3c5b2c04828,c_t9_rus_pl_stitch_01_torso
585c13eafa5517,c_t9_rus_pl_stitch_01_viewarms
6ac952b881123b9,c_t9_rus_pl_stitch_01_viewlegs
9f5c2d81f145813,c_t9_rus_pl_stitch_prisoner_arms
bd6f08b135d026a,c_t9_rus_pl_stitch_prisoner_head
6368619e455ccdd,c_t9_rus_pl_stitch_prisoner_lowerbody
33f7e105199f03,c_t9_rus_pl_stitch_prisoner_torso
7359b76aeef3a3e,c_t9_rus_pl_stitch_prisoner_viewarms
9a52a5e74ce4fd8,c_t9_rus_pl_stitch_prisoner_viewlegs