ccad414cd8451c8,attach_t9_charm_action_fig,verified
82fdf6cdab1e6bd,attach_t9_charm_afro_pick,verified
fb3e2e244552fef,attach_t9_charm_ammo_box,verified
49658befe648217,attach_t9_charm_anvil,verified
65f7406630d045f,attach_t9_charm_apple_arrow,verified
94cb449ab82229b,attach_t9_charm_arrow_head,verified
ad3163ddb524057,attach_t9_charm_battering,verified
a9c208a0d236a44,attach_t9_charm_bullet_556,verified
f2656a119440acf,attach_t9_charm_boogie_board,verified
12011295ba6fc82,attach_t9_charm_box_glove,verified
8cecb26ed9eb671,attach_t9_charm_bpanda,verified
faa0645324279e8,attach_t9_charm_bulldog,verified
41fc6901c7a61af,attach_t9_charm_bwidow,verified
49c5629076d2fb8,attach_t9_charm_candy,verified
f18736c3f2e9556,attach_t9_charm_cheese,verified
6890055b869057a,attach_t9_charm_christmas_ornament,verified
b5b9a49f334d5a1,attach_t9_charm_compass,verified
551691bb66ca1f1,attach_t9_charm_corn,verified
8e4d88595cecac9,attach_t9_charm_c_queen,verified
76a801dd8bc1128,attach_t9_charm_c_rook,verified
699a6d260022ccc,attach_t9_charm_crystal_elephant,verified
ce62a73d8a6aa9b,attach_t9_charm_croc_head,verified
32732d8dc1ef483,attach_t9_charm_cyber_glasses,verified
18832c2ced3c05f,attach_t9_charm_daisy_flwr,verified
a6b895361b79382,attach_t9_charm_diamond_brass_knuckles,verified
33cfe6798feae53,attach_t9_charm_dogtags_ms,verified
37a0467993266a3,attach_t9_charm_dogtags_sy,verified
383ee67993a95c6,attach_t9_charm_dogtags_pc,verified
87279fdfb0e8a3d,attach_t9_charm_duffel,verified
6c83bd666f1c718,attach_t9_charm_fish_stick_hook,verified
5f9f9f62cb60aa6,attach_t9_charm_falcon,verified
69fb16961af329,attach_t9_charm_flare,verified
f532a36e0a0287f,attch_t9_charm_family_crest,verified
2cb754512c6e375,attach_t9_charm_frog,verified
9844e0339e161f7,attach_t9_charm_fstatue,verified
84bcbee442b5a03,attach_t9_charm_fun_fish,verified
9b7b976ddaca9a,attach_t9_charm_fuzzydice,verified
7f2e9c6e8497c11,attach_t9_charm_gas_can,verified
98385690de10383,attach_t9_charm_gold_bar,verified
c196082a73ba1af,attach_t9_charm_gold_bell,verified
c8519c3b7f8c4a4,attach_t9_charm_g_duck,verified
397c1e46ae36600,attach_t9_charm_goldwrench,verified
5713db29389310b,attach_t9_charm_gothamulet,verified
17b4d4b32107a22,attach_t9_charm_happy_grenade,verified
6a1490d4b367782,attach_t9_charm_helicopter,verified
73c74daea79e673,attach_t9_charm_hornface,verified
ca3e9d34b47b4f,attach_t9_charm_hunting_dog,verified
e4a80d37f073ecd,attach_t9_charm_ice_axe,verified
bc524d5ce1194d6,attach_t9_charm_icebreaker,verified
de1bff83dfbac98,attach_t9_charm_icicle,verified
421e9bcc330abcc,attach_t9_charm_japanese_flute,verified
e941edef8549241,attach_t9_charm_kawaiideer,verified
d96549dbca7b96f,attach_t9_charm_kniferose,verified
9d6168e7121fd5e,attach_t9_charm_knight_helmet,verified
f79741068caf989,attach_t9_charm_lunch,verified
f1d000e097bbc4c,attach_t9_charm_magnificent,verified
4322a2b952d0319,attach_t9_charm_mbadge,verified
d258336a5c88462,attach_t9_charm_mil_hardhart,verified
a56c80998dfcb75,attach_t9_charm_mtop,verified
826d31eee5c7a94,attach_t9_charm_n6_gas_barrel_01,verified
e7edacde5e4111b,attach_t9_charm_oldcamera,verified
699ef094d3f6cc6,attch_t9_charm_olive_crown,verified
ea43bd979bc68b,attach_t9_charm_pitchfork,verified
f0540ef15611e3c,attach_t9_charm_pwatch,verified
861717838ac4663,attach_t9_charm_p_wrench,verified
b9f97f19e7b5df4,attach_t9_charm_rabbit_foot,verified
b94605e5362012f,attach_t9_charm_red_button,verified
193353b839a895e,attach_t9_charm_red_baron_bi_plane,verified
5228b80207c479a,attach_t9_charm_red_rduck,verified
d3f6615c4b81b60,attach_t9_charm_rebirthisland_01,verified
eb96ea70cfb35e,attach_t9_charm_scorpion,verified
f6ea20e70445963,attach_t9_charm_silverspoon,verified
e5080ec4ee50e80,attach_t9_charm_skull_circuit,verified
655a5a0aa9770f5,attach_t9_charm_skull_sgl,verified
30765a7e837339b,attach_t9_charm_smoke_gren,verified
db00805d79ccc7c,attach_t9_charm_snake_flute,verified
c4165c014556974,attach_t9_charm_snowman,verified
40de6149a244102,attach_t9_charm_soviet_tank,verified
8889034504afb39,attach_t9_charm_spray_can,verified
c93d3560bc2027e,attach_t9_charm_tac_snowman,verified
a062c2d56919bd7,attach_t9_charm_target_pract,verified
79cda35ebac79e6,attach_t9_charm_tombstone,verified
f66b664641d1709,attach_t9_charm_toyteeth,verified
284060b2d125f1a,attach_t9_charm_tesla_ball,verified
8a13fdfb82e9f63,attach_t9_charm_unknown,unverified
90e753268b36129,attach_t9_charm_vtg_iron,verified
f8fd0c2239ae115,attach_t9_charm_vtg_tv,verified
cc10764e3e9c38a,attach_t9_charm_walkman,verified
383ee67993a95c6,attach_t9_charm_woods_dogtag,unverified
2bb581d43c61277,attach_t9_charm_world_globe,verified
399d93b0aaf4a1d,attach_t9_charm_glasses_female1,unverified
a6e2a8407323547,attach_t9_charm_zamboni,verified
5399472f8953094,attach_t9_charm_zombiehand,verified