941c82629e346ae,c_t9_usa_pl_woods_eagleclaw_arms
198f9eae73d8fa7,c_t9_usa_pl_woods_eagleclaw_head
a583572ee0e9eca,c_t9_usa_pl_woods_eagleclaw_lowerbody
1349da3a9e414e8,c_t9_usa_pl_woods_eagleclaw_torso
f7a9c4b9956c5d7,c_t9_usa_pl_woods_eagleclaw_viewarms
7cdd563366be179,c_t9_usa_pl_woods_eagleclaw_viewlegs
38b70a232418828,c_t9_usa_pl_woods_biker_arms
a592a6bed35c2b1,c_t9_usa_pl_woods_biker_head
185504fddfa3ab4,c_t9_usa_pl_woods_biker_lowerbody
235f27fc3c9abd6,c_t9_usa_pl_woods_biker_torso
304e4efbb0f32a9,c_t9_usa_pl_woods_biker_viewarms
7ff79842d81319b,c_t9_usa_pl_woods_biker_viewlegs
62580293abec30e,c_t9_usa_pl_woods_fisherman_arms
b5db1f2e2fae007,c_t9_usa_pl_woods_fisherman_head
8316ae6752f12aa,c_t9_usa_pl_woods_fisherman_lowerbody
7c8f3346c9261c8,c_t9_usa_pl_woods_fisherman_torso
dc3b6b4bb1d0837,c_t9_usa_pl_woods_fisherman_viewarms
2b0efcc554efad9,c_t9_usa_pl_woods_fisherman_viewlegs
43b2ffb18e23767,c_t9_usa_pl_woods_holidaywoods_arms
51cee35bd2dd436,c_t9_usa_pl_woods_holidaywoods_head
e6372fe52fba161,c_t9_usa_pl_woods_holidaywoods_lowerbody
a0eb6682e4f0f2f,c_t9_usa_pl_woods_holidaywoods_torso
885e3e70bc259da,c_t9_usa_pl_woods_holidaywoods_viewarms
3b22a8ce293fb54,c_t9_usa_pl_woods_holidaywoods_viewlegs